,0,1,2,3,4,HBOND,IONIC,PICATION,PIPISTACK,SSBOND,VDW
0,0.7,0.8,0.3,0.6,0.1,0.522,0.001,0.001,0.006,0.0,0.47
1,0.3,0.0,0.0,0.7,0.3,0.463,0.0,0.005,0.002,0.0,0.53
2,0.4,0.2,0.9,0.3,0.0,0.579,0.0,0.003,0.0,0.0,0.418
3,0.4,0.2,0.9,0.5,0.7,0.877,0.0,0.0,0.0,0.0,0.123
4,0.8,0.1,0.4,0.1,0.5,0.75,0.0,0.001,0.0,0.0,0.249
5,0.7,0.8,0.3,0.8,0.4,0.626,0.01,0.003,0.0,0.0,0.362
6,0.7,0.7,0.3,0.5,0.6,0.701,0.0,0.0,0.0,0.0,0.298
7,0.2,0.3,0.8,0.2,0.8,0.739,0.0,0.0,0.0,0.0,0.261
8,0.4,0.2,0.9,1.0,0.3,0.881,0.0,0.0,0.0,0.0,0.119
9,0.8,0.1,0.4,0.4,0.9,0.869,0.0,0.0,0.0,0.0,0.131
10,0.2,0.3,0.8,0.6,0.1,0.597,0.0,0.0,0.0,0.0,0.403
11,0.9,0.7,0.6,0.8,0.4,0.578,0.151,0.002,0.0,0.0,0.268
12,0.9,0.7,0.6,1.0,0.3,0.604,0.223,0.002,0.0,0.0,0.171
13,0.7,0.7,0.3,0.4,0.9,0.795,0.0,0.0,0.0,0.0,0.205
14,0.5,0.9,0.6,0.9,0.6,0.786,0.0,0.001,0.0,0.0,0.213
15,0.7,0.8,0.3,0.5,0.6,0.66,0.0,0.0,0.0,0.0,0.339
16,0.2,0.3,0.8,0.6,0.1,0.597,0.0,0.0,0.0,0.0,0.403
17,0.6,0.6,0.1,1.0,0.3,0.6,0.012,0.013,0.0,0.0,0.374
18,0.4,1.0,0.7,0.1,0.5,0.836,0.0,0.0,0.0,0.0,0.164
19,0.0,0.6,0.7,0.2,0.8,0.72,0.0,0.0,0.0,0.0,0.28
20,0.6,0.9,0.1,0.2,0.8,0.549,0.0,0.0,0.0,0.0,0.451
21,0.5,0.9,0.6,0.4,0.9,0.859,0.0,0.0,0.0,0.0,0.141
22,0.6,0.9,0.1,0.6,0.1,0.274,0.0,0.0,0.311,0.0,0.414
23,0.7,0.7,0.3,0.0,0.8,0.709,0.0,0.0,0.0,0.0,0.291
24,0.4,0.2,0.9,0.3,0.0,0.579,0.0,0.003,0.0,0.0,0.418
25,0.6,0.9,0.1,0.9,0.6,0.528,0.003,0.018,0.0,0.0,0.45
26,0.1,0.5,0.5,0.5,0.7,0.794,0.0,0.0,0.0,0.0,0.206
27,0.5,0.8,0.7,0.3,0.1,0.554,0.0,0.0,0.0,0.0,0.445
28,0.2,0.3,0.8,0.5,0.5,0.678,0.0,0.0,0.0,0.0,0.322
29,0.1,0.5,0.5,0.9,0.6,0.763,0.0,0.001,0.0,0.0,0.237
30,0.4,0.2,0.9,0.5,0.7,0.877,0.0,0.0,0.0,0.0,0.123
31,0.2,0.4,0.2,0.6,0.1,0.373,0.0,0.0,0.218,0.0,0.41
32,0.7,0.8,0.3,0.6,0.1,0.522,0.001,0.001,0.006,0.0,0.47
33,1.0,0.4,0.2,0.5,0.7,0.824,0.0,0.0,0.0,0.0,0.175
34,0.8,0.1,0.4,1.0,0.3,0.685,0.161,0.0,0.0,0.0,0.154
35,0.2,0.3,0.8,0.2,0.8,0.739,0.0,0.0,0.0,0.0,0.261
36,0.6,0.9,0.1,0.5,0.5,0.417,0.0,0.0,0.001,0.0,0.582
37,0.4,0.2,0.9,0.8,0.4,0.823,0.0,0.0,0.0,0.0,0.177
38,0.2,0.3,0.8,0.6,0.1,0.597,0.0,0.0,0.0,0.0,0.403
39,0.7,0.7,0.3,0.4,0.9,0.795,0.0,0.0,0.0,0.0,0.205
40,1.0,0.4,0.2,0.7,0.3,0.57,0.087,0.002,0.0,0.0,0.341
41,0.1,0.5,0.5,0.4,0.9,0.791,0.0,0.0,0.0,0.0,0.209
42,0.7,0.7,0.3,0.3,0.2,0.595,0.0,0.0,0.001,0.0,0.403
43,0.5,0.8,0.7,0.9,0.6,0.818,0.0,0.0,0.0,0.0,0.182
44,0.2,0.4,0.2,0.8,0.4,0.55,0.0,0.003,0.0,0.0,0.447
45,0.4,1.0,0.7,0.6,0.1,0.719,0.0,0.0,0.0,0.0,0.281
46,0.9,0.7,0.6,0.6,0.1,0.458,0.003,0.007,0.0,0.0,0.532
47,1.0,0.4,0.2,0.0,0.8,0.774,0.0,0.0,0.0,0.0,0.226
48,0.7,0.7,0.3,0.9,0.6,0.674,0.035,0.005,0.0,0.0,0.286
49,0.6,0.5,0.0,0.2,0.8,0.572,0.0,0.0,0.0,0.0,0.427
50,0.7,0.8,0.3,0.2,0.8,0.709,0.0,0.0,0.0,0.0,0.291
51,0.6,0.9,0.1,0.9,0.6,0.528,0.003,0.018,0.0,0.0,0.45
52,1.0,0.4,0.2,0.8,0.4,0.533,0.245,0.001,0.0,0.0,0.221
53,1.0,0.4,0.2,0.3,0.1,0.485,0.0,0.023,0.0,0.0,0.492
54,0.4,0.2,0.9,0.3,0.1,0.606,0.0,0.002,0.0,0.0,0.393
55,0.1,0.5,0.5,0.7,0.3,0.669,0.0,0.0,0.0,0.0,0.331
56,0.7,0.7,0.3,0.5,0.5,0.603,0.0,0.0,0.0,0.0,0.396
57,0.2,0.3,0.8,0.0,0.8,0.689,0.0,0.0,0.0,0.0,0.311
58,0.8,0.1,0.4,0.0,0.8,0.782,0.0,0.0,0.0,0.0,0.218
59,0.5,0.8,0.7,0.9,0.6,0.818,0.0,0.0,0.0,0.0,0.182
60,0.8,0.1,0.4,0.3,0.2,0.618,0.0,0.005,0.0,0.0,0.377
61,0.4,0.2,0.9,0.1,0.5,0.775,0.0,0.0,0.0,0.0,0.225
62,0.5,0.9,0.6,0.6,0.1,0.569,0.0,0.0,0.0,0.0,0.431
63,1.0,0.4,0.2,0.8,0.4,0.533,0.245,0.001,0.0,0.0,0.221
64,0.1,0.5,0.5,0.2,0.8,0.711,0.0,0.0,0.0,0.0,0.289
65,0.4,1.0,0.7,0.2,0.8,0.861,0.0,0.0,0.0,0.0,0.139
66,0.2,0.3,0.8,0.8,0.4,0.734,0.0,0.0,0.0,0.0,0.266
67,0.4,0.2,0.9,1.0,0.3,0.881,0.0,0.0,0.0,0.0,0.119
68,0.8,0.1,0.4,0.1,0.5,0.75,0.0,0.001,0.0,0.0,0.249
69,0.4,0.2,0.9,0.5,0.6,0.829,0.0,0.0,0.0,0.0,0.171
70,0.1,0.5,0.5,0.4,0.9,0.791,0.0,0.0,0.0,0.0,0.209
71,0.4,0.2,0.9,0.3,0.2,0.657,0.0,0.001,0.0,0.0,0.342
72,0.5,1.0,0.5,0.4,0.9,0.812,0.0,0.0,0.0,0.0,0.188
73,0.7,0.8,0.3,0.9,0.6,0.664,0.025,0.006,0.0,0.0,0.305
74,0.8,0.1,0.4,1.0,0.3,0.685,0.161,0.0,0.0,0.0,0.154
75,0.3,0.0,0.0,0.0,0.0,0.344,0.0,0.001,0.001,0.0,0.654
76,0.6,0.9,0.1,1.0,0.3,0.574,0.008,0.019,0.0,0.0,0.399
77,0.1,0.5,0.5,0.4,0.9,0.791,0.0,0.0,0.0,0.0,0.209
78,0.5,0.8,0.7,0.5,0.5,0.729,0.0,0.0,0.0,0.0,0.271
79,0.5,0.9,0.6,0.0,0.8,0.743,0.0,0.0,0.0,0.0,0.257
80,0.2,0.4,0.2,0.9,0.6,0.609,0.0,0.006,0.0,0.0,0.384
81,0.2,0.3,0.8,0.9,0.6,0.778,0.0,0.0,0.0,0.0,0.222
82,1.0,0.4,0.2,0.6,0.1,0.511,0.007,0.007,0.0,0.0,0.475
83,0.3,0.0,0.0,0.3,0.1,0.289,0.0,0.0,0.148,0.0,0.563
84,0.7,0.7,0.3,1.0,0.3,0.697,0.056,0.005,0.0,0.0,0.242
85,0.5,0.9,0.6,0.4,0.9,0.859,0.0,0.0,0.0,0.0,0.141
86,0.4,0.2,0.9,0.5,0.5,0.759,0.0,0.0,0.0,0.0,0.241
87,0.2,0.3,0.8,0.4,0.9,0.82,0.0,0.0,0.0,0.0,0.18
88,0.4,0.2,0.9,1.0,0.3,0.881,0.0,0.0,0.0,0.0,0.119
89,0.0,0.6,0.7,0.2,0.8,0.72,0.0,0.0,0.0,0.0,0.28
90,0.8,0.1,0.4,0.9,0.6,0.742,0.095,0.0,0.0,0.0,0.163
91,0.4,1.0,0.7,0.0,0.8,0.847,0.0,0.0,0.0,0.0,0.153
92,0.0,0.6,0.7,0.4,0.9,0.791,0.0,0.0,0.0,0.0,0.209
93,0.4,0.2,0.9,0.2,0.8,0.817,0.0,0.0,0.0,0.0,0.183
94,0.7,0.7,0.3,0.9,0.6,0.674,0.035,0.005,0.0,0.0,0.286
95,0.6,0.9,0.1,0.3,0.1,0.264,0.0,0.0,0.239,0.0,0.496
96,0.6,0.9,0.1,0.3,0.2,0.327,0.0,0.0,0.243,0.0,0.43
97,0.4,1.0,0.7,0.4,0.9,0.905,0.0,0.0,0.0,0.0,0.095
98,0.0,0.6,0.7,0.1,0.5,0.702,0.0,0.0,0.0,0.0,0.298
99,0.7,0.7,0.3,1.0,0.3,0.697,0.056,0.005,0.0,0.0,0.242
100,0.0,0.6,0.7,1.0,0.3,0.805,0.0,0.0,0.0,0.0,0.195
101,0.2,0.3,0.8,0.2,0.8,0.739,0.0,0.0,0.0,0.0,0.261
102,0.4,0.2,0.9,0.4,0.9,0.875,0.0,0.0,0.0,0.0,0.125
103,0.4,0.2,0.9,0.8,0.4,0.823,0.0,0.0,0.0,0.0,0.177
104,1.0,0.4,0.2,0.1,0.5,0.733,0.0,0.001,0.0,0.0,0.266
105,0.7,0.7,0.3,0.5,0.5,0.603,0.0,0.0,0.0,0.0,0.396
106,0.4,0.2,0.9,0.2,0.8,0.817,0.0,0.0,0.0,0.0,0.183
107,0.6,0.9,0.1,0.5,0.5,0.417,0.0,0.0,0.001,0.0,0.582
108,0.0,0.8,0.0,0.5,0.5,0.503,0.0,0.0,0.0,0.0,0.497
109,0.2,0.4,0.2,0.2,0.8,0.572,0.0,0.0,0.0,0.0,0.428
110,0.7,0.7,0.3,1.0,0.3,0.697,0.056,0.005,0.0,0.0,0.242
111,0.9,0.7,0.6,0.6,0.1,0.458,0.003,0.007,0.0,0.0,0.532
112,0.1,0.5,0.5,0.4,0.9,0.791,0.0,0.0,0.0,0.0,0.209
113,0.9,0.7,0.6,0.8,0.4,0.578,0.151,0.002,0.0,0.0,0.268
114,0.6,0.9,0.1,0.7,0.3,0.445,0.001,0.001,0.003,0.0,0.55
115,0.8,0.1,0.4,0.6,0.1,0.61,0.003,0.003,0.0,0.0,0.384
116,0.8,0.1,0.4,0.0,0.8,0.782,0.0,0.0,0.0,0.0,0.218
117,0.5,1.0,0.5,0.5,0.6,0.702,0.0,0.0,0.0,0.0,0.298
118,0.3,0.0,0.0,0.4,0.9,0.657,0.0,0.0,0.0,0.0,0.343
119,0.4,0.2,0.9,0.6,0.1,0.66,0.0,0.001,0.0,0.0,0.339
120,0.4,1.0,0.7,0.6,0.1,0.719,0.0,0.0,0.0,0.0,0.281
121,1.0,0.4,0.2,0.5,0.5,0.647,0.001,0.002,0.0,0.0,0.351
122,0.4,0.2,0.9,0.7,0.3,0.763,0.0,0.0,0.0,0.0,0.237
123,0.7,0.7,0.3,0.0,0.8,0.709,0.0,0.0,0.0,0.0,0.291
124,0.8,0.1,0.4,0.0,0.8,0.782,0.0,0.0,0.0,0.0,0.218
125,0.2,0.3,0.8,0.1,0.5,0.694,0.0,0.0,0.0,0.0,0.306
126,0.2,0.3,0.8,0.9,0.6,0.778,0.0,0.0,0.0,0.0,0.222
127,0.8,0.1,0.4,0.9,0.6,0.742,0.095,0.0,0.0,0.0,0.163
128,0.5,1.0,0.5,0.8,0.4,0.672,0.0,0.001,0.0,0.0,0.327
129,1.0,0.4,0.2,0.3,0.1,0.485,0.0,0.023,0.0,0.0,0.492
130,0.4,0.2,0.9,0.1,0.5,0.775,0.0,0.0,0.0,0.0,0.225
131,0.7,0.8,0.3,0.7,0.3,0.576,0.004,0.001,0.0,0.0,0.419
132,0.6,0.5,0.0,0.9,0.6,0.488,0.01,0.016,0.0,0.0,0.487
133,0.7,0.7,0.3,1.0,0.3,0.697,0.056,0.005,0.0,0.0,0.242
134,0.5,1.0,0.5,0.9,0.6,0.754,0.0,0.001,0.0,0.0,0.244
135,0.8,0.1,0.4,0.5,0.7,0.868,0.0,0.0,0.0,0.0,0.131
136,0.4,0.2,0.9,0.0,0.8,0.786,0.0,0.0,0.0,0.0,0.214
137,0.8,0.1,0.4,0.6,0.1,0.61,0.003,0.003,0.0,0.0,0.384
138,0.4,0.2,0.9,0.8,0.4,0.823,0.0,0.0,0.0,0.0,0.177
139,0.4,0.2,0.9,0.6,0.0,0.635,0.0,0.001,0.0,0.0,0.364
140,0.3,0.0,0.0,0.0,0.8,0.563,0.0,0.0,0.0,0.0,0.437
141,0.7,0.8,0.3,0.9,0.6,0.664,0.025,0.006,0.0,0.0,0.305
142,0.2,0.3,0.8,0.8,0.4,0.734,0.0,0.0,0.0,0.0,0.266
143,0.1,0.5,0.5,0.3,0.2,0.572,0.0,0.0,0.0,0.0,0.428
144,0.6,0.5,0.0,0.6,0.1,0.154,0.001,0.0,0.592,0.0,0.252
145,0.5,1.0,0.5,0.4,0.9,0.812,0.0,0.0,0.0,0.0,0.188
146,0.4,0.2,0.9,1.0,0.3,0.881,0.0,0.0,0.0,0.0,0.119
147,1.0,0.4,0.2,0.7,0.3,0.57,0.087,0.002,0.0,0.0,0.341
148,0.9,0.7,0.6,0.4,0.9,0.823,0.0,0.0,0.0,0.0,0.177
149,0.1,0.5,0.5,0.2,0.8,0.711,0.0,0.0,0.0,0.0,0.289
150,0.5,0.9,0.6,0.1,0.5,0.724,0.0,0.0,0.0,0.0,0.276
151,1.0,0.4,0.2,1.0,0.3,0.611,0.211,0.001,0.0,0.0,0.178
152,0.2,0.3,0.8,0.0,0.8,0.689,0.0,0.0,0.0,0.0,0.311
153,0.2,0.4,0.2,0.3,0.1,0.244,0.0,0.0,0.271,0.001,0.484
154,0.4,0.2,0.9,0.2,0.8,0.817,0.0,0.0,0.0,0.0,0.183
155,0.4,0.2,0.9,0.9,0.6,0.865,0.0,0.0,0.0,0.0,0.135
156,0.6,0.6,0.1,0.0,0.8,0.599,0.0,0.0,0.0,0.0,0.401
157,0.4,1.0,0.7,0.1,0.5,0.836,0.0,0.0,0.0,0.0,0.164
158,0.0,0.6,0.7,1.0,0.3,0.805,0.0,0.0,0.0,0.0,0.195
159,0.1,0.5,0.5,0.3,0.2,0.572,0.0,0.0,0.0,0.0,0.428
160,0.9,0.7,0.6,0.8,0.4,0.578,0.151,0.002,0.0,0.0,0.268
161,0.9,0.7,0.6,0.3,0.1,0.477,0.0,0.016,0.0,0.0,0.507
162,0.2,0.3,0.8,0.7,0.3,0.683,0.0,0.0,0.0,0.0,0.317
163,0.2,0.3,0.8,0.3,0.2,0.599,0.0,0.0,0.0,0.0,0.401
164,0.0,0.6,0.7,0.3,0.1,0.565,0.0,0.0,0.0,0.0,0.435
165,0.5,1.0,0.5,0.2,0.8,0.727,0.0,0.0,0.0,0.0,0.273
166,0.5,1.0,0.5,0.8,0.4,0.672,0.0,0.001,0.0,0.0,0.327
167,0.8,0.1,0.4,0.5,0.7,0.868,0.0,0.0,0.0,0.0,0.131
168,0.2,0.3,0.8,0.2,0.8,0.739,0.0,0.0,0.0,0.0,0.261
169,0.7,0.8,0.3,0.6,0.1,0.522,0.001,0.001,0.006,0.0,0.47
170,0.1,0.5,0.5,1.0,0.3,0.788,0.0,0.001,0.0,0.0,0.211
171,0.4,0.2,0.9,0.1,0.5,0.775,0.0,0.0,0.0,0.0,0.225
172,0.6,0.6,0.1,0.8,0.4,0.531,0.006,0.006,0.0,0.0,0.457
173,0.4,1.0,0.7,0.6,0.1,0.719,0.0,0.0,0.0,0.0,0.281
174,0.4,0.2,0.9,0.1,0.5,0.775,0.0,0.0,0.0,0.0,0.225
175,0.3,0.7,0.0,0.7,0.3,0.453,0.0,0.002,0.008,0.0,0.537
176,0.8,0.1,0.4,0.6,0.1,0.61,0.003,0.003,0.0,0.0,0.384
177,0.9,0.7,0.6,0.8,0.4,0.578,0.151,0.002,0.0,0.0,0.268
178,0.4,1.0,0.7,1.0,0.3,0.893,0.0,0.0,0.0,0.0,0.106
179,0.2,0.3,0.8,0.4,0.9,0.82,0.0,0.0,0.0,0.0,0.18
180,0.2,0.4,0.2,0.3,0.0,0.246,0.0,0.0,0.188,0.001,0.565
181,0.2,0.3,0.8,0.0,0.0,0.634,0.0,0.0,0.0,0.0,0.366
182,0.4,0.2,0.9,0.3,0.1,0.606,0.0,0.002,0.0,0.0,0.393
183,0.1,0.5,0.5,0.5,0.7,0.794,0.0,0.0,0.0,0.0,0.206
184,0.0,0.6,0.7,0.4,0.9,0.791,0.0,0.0,0.0,0.0,0.209
185,0.2,0.3,0.8,0.6,0.1,0.597,0.0,0.0,0.0,0.0,0.403
186,0.5,0.9,0.6,0.2,0.8,0.772,0.0,0.0,0.0,0.0,0.228
187,0.7,0.7,0.3,0.4,0.9,0.795,0.0,0.0,0.0,0.0,0.205
188,0.7,0.8,0.3,0.9,0.6,0.664,0.025,0.006,0.0,0.0,0.305
189,0.6,0.5,0.0,1.0,0.3,0.534,0.009,0.015,0.0,0.0,0.441
190,0.2,0.3,0.8,0.9,0.6,0.778,0.0,0.0,0.0,0.0,0.222
191,0.5,0.9,0.6,0.2,0.8,0.772,0.0,0.0,0.0,0.0,0.228
192,0.7,0.7,0.3,0.9,0.6,0.674,0.035,0.005,0.0,0.0,0.286
193,0.2,0.3,0.8,0.1,0.5,0.694,0.0,0.0,0.0,0.0,0.306
194,0.9,0.7,0.6,0.4,0.9,0.823,0.0,0.0,0.0,0.0,0.177
195,1.0,0.4,0.2,0.5,0.6,0.749,0.001,0.001,0.0,0.0,0.249
196,0.5,1.0,0.5,0.4,0.9,0.812,0.0,0.0,0.0,0.0,0.188
197,0.4,0.2,0.9,1.0,0.3,0.881,0.0,0.0,0.0,0.0,0.119
198,0.6,0.6,0.1,0.6,0.0,0.237,0.001,0.0,0.479,0.0,0.282
199,1.0,0.4,0.2,0.3,0.1,0.485,0.0,0.023,0.0,0.0,0.492
200,0.7,0.7,0.3,0.2,0.8,0.724,0.0,0.0,0.0,0.0,0.276
201,0.9,0.7,0.6,0.6,0.1,0.458,0.003,0.007,0.0,0.0,0.532
202,0.8,0.1,0.4,0.3,0.2,0.618,0.0,0.005,0.0,0.0,0.377
203,0.4,0.2,0.9,0.2,0.8,0.817,0.0,0.0,0.0,0.0,0.183
204,0.4,0.2,0.9,0.6,0.0,0.635,0.0,0.001,0.0,0.0,0.364
205,0.8,0.1,0.4,0.2,0.8,0.813,0.0,0.0,0.0,0.0,0.187
206,0.1,0.5,0.5,0.5,0.7,0.794,0.0,0.0,0.0,0.0,0.206
207,0.8,0.1,0.4,0.6,0.1,0.61,0.003,0.003,0.0,0.0,0.384
208,0.4,0.2,0.9,0.4,0.9,0.875,0.0,0.0,0.0,0.0,0.125
209,0.2,0.3,0.8,0.2,0.8,0.739,0.0,0.0,0.0,0.0,0.261
210,0.4,0.2,0.9,0.7,0.3,0.763,0.0,0.0,0.0,0.0,0.237
211,0.5,0.9,0.6,0.4,0.9,0.859,0.0,0.0,0.0,0.0,0.141
212,0.4,0.2,0.9,0.9,0.6,0.865,0.0,0.0,0.0,0.0,0.135
213,0.5,1.0,0.5,0.5,0.6,0.702,0.0,0.0,0.0,0.0,0.298
214,0.2,0.3,0.8,0.1,0.5,0.694,0.0,0.0,0.0,0.0,0.306
215,0.2,0.3,0.8,0.4,0.9,0.82,0.0,0.0,0.0,0.0,0.18
216,0.6,0.6,0.1,0.5,0.6,0.576,0.0,0.0,0.0,0.0,0.423
217,0.9,0.7,0.6,0.8,0.4,0.578,0.151,0.002,0.0,0.0,0.268
218,0.0,0.6,0.7,0.6,0.1,0.627,0.0,0.0,0.0,0.0,0.373
219,1.0,0.4,0.2,0.8,0.4,0.533,0.245,0.001,0.0,0.0,0.221
220,0.9,0.7,0.6,1.0,0.3,0.604,0.223,0.002,0.0,0.0,0.171
221,0.2,0.3,0.8,0.8,0.4,0.734,0.0,0.0,0.0,0.0,0.266
222,0.4,1.0,0.7,0.9,0.6,0.866,0.0,0.0,0.0,0.0,0.134
223,0.0,0.6,0.7,0.4,0.9,0.791,0.0,0.0,0.0,0.0,0.209
224,0.2,0.3,0.8,1.0,0.3,0.792,0.0,0.0,0.0,0.0,0.208
225,0.2,0.3,0.8,0.6,0.1,0.597,0.0,0.0,0.0,0.0,0.403
226,0.4,0.2,0.9,0.7,0.3,0.763,0.0,0.0,0.0,0.0,0.237
227,1.0,0.4,0.2,0.9,0.6,0.53,0.28,0.001,0.0,0.0,0.19
228,0.6,0.5,0.0,0.3,0.0,0.132,0.0,0.0,0.492,0.0,0.376
229,0.7,0.8,0.3,0.2,0.8,0.709,0.0,0.0,0.0,0.0,0.291
230,0.2,0.4,0.2,0.7,0.3,0.502,0.0,0.001,0.001,0.0,0.496
231,0.6,0.6,0.1,0.4,0.9,0.701,0.0,0.0,0.0,0.0,0.299
232,0.6,0.9,0.1,0.3,0.1,0.264,0.0,0.0,0.239,0.0,0.496
233,0.5,1.0,0.5,0.1,0.5,0.673,0.0,0.0,0.0,0.0,0.327
234,0.7,0.8,0.3,1.0,0.3,0.691,0.045,0.007,0.0,0.0,0.257
235,0.4,0.2,0.9,0.2,0.8,0.817,0.0,0.0,0.0,0.0,0.183
236,0.4,0.2,0.9,0.8,0.4,0.823,0.0,0.0,0.0,0.0,0.177
237,0.5,0.8,0.7,0.7,0.3,0.675,0.0,0.0,0.0,0.0,0.325
238,0.6,0.6,0.1,0.0,0.8,0.599,0.0,0.0,0.0,0.0,0.401
239,0.7,0.7,0.3,1.0,0.3,0.697,0.056,0.005,0.0,0.0,0.242
240,0.2,0.4,0.2,0.5,0.6,0.542,0.0,0.0,0.0,0.0,0.458
241,0.5,0.8,0.7,0.6,0.1,0.597,0.0,0.0,0.0,0.0,0.403
242,0.9,0.7,0.6,0.9,0.6,0.635,0.155,0.001,0.0,0.0,0.209
243,0.6,0.6,0.1,1.0,0.3,0.6,0.012,0.013,0.0,0.0,0.374
244,0.1,0.5,0.5,0.9,0.6,0.763,0.0,0.001,0.0,0.0,0.237
245,0.7,0.8,0.3,1.0,0.3,0.691,0.045,0.007,0.0,0.0,0.257
246,0.8,0.1,0.4,0.7,0.3,0.7,0.015,0.001,0.0,0.0,0.284
247,0.4,0.2,0.9,0.4,0.9,0.875,0.0,0.0,0.0,0.0,0.125
248,0.2,0.4,0.2,1.0,0.3,0.666,0.0,0.009,0.0,0.0,0.325
249,0.8,0.1,0.4,0.4,0.9,0.869,0.0,0.0,0.0,0.0,0.131
250,0.0,0.6,0.7,0.7,0.3,0.676,0.0,0.0,0.0,0.0,0.324
251,0.6,0.6,0.1,0.6,0.1,0.306,0.002,0.0,0.356,0.0,0.336
252,0.8,0.1,0.4,0.9,0.6,0.742,0.095,0.0,0.0,0.0,0.163
253,0.6,0.6,0.1,0.2,0.8,0.633,0.0,0.0,0.0,0.0,0.367
254,0.0,0.6,0.7,1.0,0.3,0.805,0.0,0.0,0.0,0.0,0.195
255,0.2,0.4,0.2,0.2,0.8,0.572,0.0,0.0,0.0,0.0,0.428
256,0.5,0.9,0.6,0.5,0.7,0.841,0.0,0.0,0.0,0.0,0.159
257,0.5,0.8,0.7,0.9,0.6,0.818,0.0,0.0,0.0,0.0,0.182
258,0.3,0.0,0.0,0.3,0.2,0.361,0.0,0.0,0.111,0.0,0.527
259,0.6,0.5,0.0,0.4,0.9,0.642,0.0,0.0,0.0,0.0,0.358
260,0.4,1.0,0.7,0.9,0.6,0.866,0.0,0.0,0.0,0.0,0.134
261,0.4,0.2,0.9,0.5,0.7,0.877,0.0,0.0,0.0,0.0,0.123
262,0.2,0.3,0.8,0.4,0.9,0.82,0.0,0.0,0.0,0.0,0.18
263,0.2,0.3,0.8,0.2,0.8,0.739,0.0,0.0,0.0,0.0,0.261
264,0.5,0.8,0.7,0.7,0.3,0.675,0.0,0.0,0.0,0.0,0.325
265,0.2,0.3,0.8,0.4,0.9,0.82,0.0,0.0,0.0,0.0,0.18
266,0.5,0.9,0.6,0.9,0.6,0.786,0.0,0.001,0.0,0.0,0.213
267,0.3,0.0,0.0,0.0,0.8,0.563,0.0,0.0,0.0,0.0,0.437
268,0.6,0.9,0.1,0.4,0.9,0.626,0.0,0.0,0.0,0.0,0.374
269,0.5,1.0,0.5,0.8,0.4,0.672,0.0,0.001,0.0,0.0,0.327
270,0.7,0.8,0.3,0.3,0.2,0.591,0.0,0.0,0.002,0.0,0.406
271,0.0,0.6,0.7,0.9,0.6,0.783,0.0,0.0,0.0,0.0,0.217
272,0.2,0.4,0.2,0.9,0.6,0.609,0.0,0.006,0.0,0.0,0.384
273,0.2,0.3,0.8,0.2,0.8,0.739,0.0,0.0,0.0,0.0,0.261
274,0.5,1.0,0.5,0.8,0.4,0.672,0.0,0.001,0.0,0.0,0.327
275,0.5,0.9,0.6,0.9,0.6,0.786,0.0,0.001,0.0,0.0,0.213
276,0.5,1.0,0.5,0.0,0.8,0.698,0.0,0.0,0.0,0.0,0.302
277,0.4,1.0,0.7,0.9,0.6,0.866,0.0,0.0,0.0,0.0,0.134
278,0.4,0.2,0.9,0.2,0.8,0.817,0.0,0.0,0.0,0.0,0.183
279,0.1,0.5,0.5,0.5,0.5,0.652,0.0,0.0,0.0,0.0,0.348
280,0.8,0.1,0.4,0.4,0.9,0.869,0.0,0.0,0.0,0.0,0.131
281,0.2,0.3,0.8,0.1,0.5,0.694,0.0,0.0,0.0,0.0,0.306
282,0.7,0.7,0.3,0.9,0.6,0.674,0.035,0.005,0.0,0.0,0.286
283,0.8,0.1,0.4,0.3,0.0,0.532,0.0,0.016,0.0,0.0,0.452
284,0.9,0.7,0.6,0.8,0.4,0.578,0.151,0.002,0.0,0.0,0.268
285,0.4,1.0,0.7,0.6,0.1,0.719,0.0,0.0,0.0,0.0,0.281
286,0.5,0.8,0.7,0.7,0.3,0.675,0.0,0.0,0.0,0.0,0.325
287,0.7,0.7,0.3,1.0,0.3,0.697,0.056,0.005,0.0,0.0,0.242
288,0.1,0.5,0.5,0.5,0.7,0.794,0.0,0.0,0.0,0.0,0.206
289,0.7,0.8,0.3,0.0,0.8,0.693,0.0,0.0,0.0,0.0,0.307
290,0.4,0.2,0.9,0.1,0.5,0.775,0.0,0.0,0.0,0.0,0.225
291,0.7,0.7,0.3,1.0,0.3,0.697,0.056,0.005,0.0,0.0,0.242
292,0.3,0.0,0.0,0.9,0.6,0.545,0.0,0.005,0.0,0.0,0.45
293,0.2,0.4,0.2,0.5,0.5,0.451,0.0,0.0,0.0,0.0,0.549
294,0.4,0.2,0.9,0.3,0.2,0.657,0.0,0.001,0.0,0.0,0.342
295,1.0,0.4,0.2,0.3,0.2,0.56,0.0,0.012,0.0,0.0,0.428
296,0.2,0.3,0.8,0.0,0.8,0.689,0.0,0.0,0.0,0.0,0.311
297,0.4,0.2,0.9,0.1,0.5,0.775,0.0,0.0,0.0,0.0,0.225
298,0.4,0.2,0.9,0.8,0.4,0.823,0.0,0.0,0.0,0.0,0.177
299,0.8,0.1,0.4,0.2,0.8,0.813,0.0,0.0,0.0,0.0,0.187
300,0.6,0.9,0.1,0.7,0.3,0.445,0.001,0.001,0.003,0.0,0.55
301,0.7,0.8,0.3,0.3,0.2,0.591,0.0,0.0,0.002,0.0,0.406
302,0.2,0.3,0.8,0.1,0.5,0.694,0.0,0.0,0.0,0.0,0.306
303,0.7,0.7,0.3,0.9,0.6,0.674,0.035,0.005,0.0,0.0,0.286
304,0.4,0.2,0.9,0.3,0.1,0.606,0.0,0.002,0.0,0.0,0.393
305,0.2,0.3,0.8,0.2,0.8,0.739,0.0,0.0,0.0,0.0,0.261
306,0.6,0.5,0.0,0.9,0.6,0.488,0.01,0.016,0.0,0.0,0.487
307,0.7,0.7,0.3,0.6,0.1,0.547,0.003,0.001,0.004,0.0,0.446
308,0.0,0.6,0.7,0.5,0.7,0.8,0.0,0.0,0.0,0.0,0.2
309,0.5,0.9,0.6,0.5,0.5,0.666,0.0,0.0,0.0,0.0,0.334
310,0.2,0.3,0.8,0.7,0.3,0.683,0.0,0.0,0.0,0.0,0.317
311,0.7,0.7,0.3,0.6,0.1,0.547,0.003,0.001,0.004,0.0,0.446
312,0.7,0.8,0.3,0.5,0.7,0.747,0.0,0.0,0.0,0.0,0.253
313,0.5,0.8,0.7,0.7,0.3,0.675,0.0,0.0,0.0,0.0,0.325
314,0.4,0.2,0.9,0.3,0.0,0.579,0.0,0.003,0.0,0.0,0.418
315,0.5,0.8,0.7,0.9,0.6,0.818,0.0,0.0,0.0,0.0,0.182
316,0.5,0.9,0.6,0.8,0.4,0.711,0.0,0.0,0.0,0.0,0.289
317,0.2,0.3,0.8,0.8,0.4,0.734,0.0,0.0,0.0,0.0,0.266
318,0.8,0.1,0.4,0.0,0.8,0.782,0.0,0.0,0.0,0.0,0.218
319,0.5,0.9,0.6,0.5,0.7,0.841,0.0,0.0,0.0,0.0,0.159
320,0.2,0.3,0.8,0.5,0.5,0.678,0.0,0.0,0.0,0.0,0.322
321,0.4,0.2,0.9,0.2,0.8,0.817,0.0,0.0,0.0,0.0,0.183
322,1.0,0.4,0.2,0.4,0.9,0.841,0.0,0.0,0.0,0.0,0.158
323,0.9,0.7,0.6,0.3,0.1,0.477,0.0,0.016,0.0,0.0,0.507
324,0.2,0.3,0.8,0.0,0.8,0.689,0.0,0.0,0.0,0.0,0.311
325,0.6,0.6,0.1,0.2,0.8,0.633,0.0,0.0,0.0,0.0,0.367
326,0.9,0.7,0.6,0.6,0.0,0.472,0.002,0.012,0.0,0.0,0.514
327,0.4,0.2,0.9,0.0,0.8,0.786,0.0,0.0,0.0,0.0,0.214
328,0.2,0.3,0.8,0.0,0.8,0.689,0.0,0.0,0.0,0.0,0.311
329,0.7,0.7,0.3,0.0,0.8,0.709,0.0,0.0,0.0,0.0,0.291
330,0.7,0.7,0.3,0.6,0.1,0.547,0.003,0.001,0.004,0.0,0.446
331,0.5,1.0,0.5,0.6,0.1,0.534,0.0,0.0,0.001,0.0,0.465
332,0.6,0.5,0.0,0.0,0.8,0.535,0.0,0.0,0.0,0.0,0.465
333,0.2,0.3,0.8,0.5,0.6,0.758,0.0,0.0,0.0,0.0,0.242
334,0.0,0.6,0.7,0.3,0.2,0.609,0.0,0.0,0.0,0.0,0.391
335,0.9,0.7,0.6,0.4,0.9,0.823,0.0,0.0,0.0,0.0,0.177
336,0.7,0.7,0.3,0.7,0.3,0.601,0.007,0.001,0.0,0.0,0.391
337,0.0,0.6,0.7,0.6,0.0,0.632,0.0,0.0,0.0,0.0,0.367
338,0.2,0.3,0.8,0.1,0.5,0.694,0.0,0.0,0.0,0.0,0.306
339,0.8,0.1,0.4,0.9,0.6,0.742,0.095,0.0,0.0,0.0,0.163
340,0.4,1.0,0.7,0.3,0.2,0.749,0.0,0.0,0.0,0.0,0.251
341,0.2,0.4,0.2,0.3,0.0,0.246,0.0,0.0,0.188,0.001,0.565
342,0.3,0.7,0.0,0.6,0.0,0.272,0.0,0.0,0.283,0.0,0.445
343,0.5,0.8,0.7,0.9,0.6,0.818,0.0,0.0,0.0,0.0,0.182
344,0.6,0.5,0.0,0.4,0.9,0.642,0.0,0.0,0.0,0.0,0.358
345,0.0,0.6,0.7,0.6,0.0,0.632,0.0,0.0,0.0,0.0,0.367
346,0.2,0.3,0.8,0.5,0.7,0.823,0.0,0.0,0.0,0.0,0.177
347,0.0,0.6,0.7,0.3,0.1,0.565,0.0,0.0,0.0,0.0,0.435
348,0.3,0.0,0.0,0.2,0.8,0.595,0.0,0.0,0.0,0.0,0.405
349,0.8,0.1,0.4,0.2,0.8,0.813,0.0,0.0,0.0,0.0,0.187
350,0.2,0.3,0.8,0.4,0.9,0.82,0.0,0.0,0.0,0.0,0.18
351,0.5,1.0,0.5,0.5,0.6,0.702,0.0,0.0,0.0,0.0,0.298
352,0.2,0.4,0.2,0.5,0.6,0.542,0.0,0.0,0.0,0.0,0.458
353,0.1,0.5,0.5,0.5,0.7,0.794,0.0,0.0,0.0,0.0,0.206
354,0.4,1.0,0.7,0.4,0.9,0.905,0.0,0.0,0.0,0.0,0.095
355,0.5,0.8,0.7,0.5,0.7,0.877,0.0,0.0,0.0,0.0,0.123
356,1.0,0.4,0.2,0.5,0.6,0.749,0.001,0.001,0.0,0.0,0.249
357,0.4,0.2,0.9,0.7,0.3,0.763,0.0,0.0,0.0,0.0,0.237
358,0.6,0.6,0.1,0.8,0.4,0.531,0.006,0.006,0.0,0.0,0.457
359,1.0,0.4,0.2,0.8,0.4,0.533,0.245,0.001,0.0,0.0,0.221
360,0.5,0.9,0.6,0.6,0.1,0.569,0.0,0.0,0.0,0.0,0.431
361,0.5,0.9,0.6,0.6,0.1,0.569,0.0,0.0,0.0,0.0,0.431
362,0.5,0.8,0.7,0.9,0.6,0.818,0.0,0.0,0.0,0.0,0.182
363,0.5,0.8,0.7,0.1,0.5,0.762,0.0,0.0,0.0,0.0,0.238
364,0.6,0.9,0.1,0.4,0.9,0.626,0.0,0.0,0.0,0.0,0.374
365,0.8,0.1,0.4,0.5,0.7,0.868,0.0,0.0,0.0,0.0,0.131
366,0.3,0.7,0.0,0.4,0.9,0.611,0.0,0.0,0.0,0.0,0.389
367,0.6,0.9,0.1,0.4,0.9,0.626,0.0,0.0,0.0,0.0,0.374
368,0.7,0.8,0.3,0.2,0.8,0.709,0.0,0.0,0.0,0.0,0.291
369,0.6,0.5,0.0,0.9,0.6,0.488,0.01,0.016,0.0,0.0,0.487
370,0.6,0.6,0.1,0.7,0.3,0.498,0.005,0.002,0.003,0.0,0.493
371,0.5,0.8,0.7,0.5,0.6,0.818,0.0,0.0,0.0,0.0,0.182
372,0.7,0.8,0.3,0.6,0.0,0.517,0.001,0.001,0.019,0.0,0.462
373,0.2,0.3,0.8,0.0,0.8,0.689,0.0,0.0,0.0,0.0,0.311
374,1.0,0.4,0.2,0.5,0.7,0.824,0.0,0.0,0.0,0.0,0.175
375,0.4,0.2,0.9,1.0,0.3,0.881,0.0,0.0,0.0,0.0,0.119
376,1.0,0.4,0.2,0.7,0.3,0.57,0.087,0.002,0.0,0.0,0.341
377,0.4,0.2,0.9,0.2,0.8,0.817,0.0,0.0,0.0,0.0,0.183
378,0.2,0.4,0.2,0.7,0.3,0.502,0.0,0.001,0.001,0.0,0.496
379,1.0,0.4,0.2,0.6,0.1,0.511,0.007,0.007,0.0,0.0,0.475
380,0.2,0.3,0.8,0.7,0.3,0.683,0.0,0.0,0.0,0.0,0.317
381,0.4,0.2,0.9,0.8,0.4,0.823,0.0,0.0,0.0,0.0,0.177
382,0.2,0.4,0.2,0.0,0.8,0.511,0.0,0.0,0.0,0.0,0.489
383,0.8,0.1,0.4,0.3,0.2,0.618,0.0,0.005,0.0,0.0,0.377
384,0.9,0.7,0.6,0.2,0.8,0.737,0.0,0.0,0.0,0.0,0.263
385,0.8,0.1,0.4,0.8,0.4,0.726,0.067,0.0,0.0,0.0,0.206
386,0.0,0.6,0.7,0.1,0.5,0.702,0.0,0.0,0.0,0.0,0.298
387,0.0,0.6,0.7,0.2,0.8,0.72,0.0,0.0,0.0,0.0,0.28
388,0.6,0.6,0.1,0.6,0.0,0.237,0.001,0.0,0.479,0.0,0.282
389,0.6,0.6,0.1,0.9,0.6,0.564,0.009,0.012,0.0,0.0,0.415
390,0.7,0.8,0.3,0.6,0.1,0.522,0.001,0.001,0.006,0.0,0.47
391,0.6,0.6,0.1,0.8,0.4,0.531,0.006,0.006,0.0,0.0,0.457
392,0.5,0.8,0.7,0.5,0.7,0.877,0.0,0.0,0.0,0.0,0.123
393,1.0,0.4,0.2,0.5,0.7,0.824,0.0,0.0,0.0,0.0,0.175
394,0.8,0.1,0.4,0.3,0.2,0.618,0.0,0.005,0.0,0.0,0.377
395,0.5,0.8,0.7,0.4,0.9,0.891,0.0,0.0,0.0,0.0,0.109
396,0.1,0.5,0.5,1.0,0.3,0.788,0.0,0.001,0.0,0.0,0.211
397,0.7,0.7,0.3,0.8,0.4,0.652,0.019,0.003,0.0,0.0,0.326
398,0.2,0.3,0.8,0.8,0.4,0.734,0.0,0.0,0.0,0.0,0.266
399,0.9,0.7,0.6,0.0,0.8,0.724,0.0,0.0,0.0,0.0,0.276
400,0.7,0.8,0.3,0.5,0.6,0.66,0.0,0.0,0.0,0.0,0.339
401,0.4,0.2,0.9,0.0,0.8,0.786,0.0,0.0,0.0,0.0,0.214
402,0.8,0.1,0.4,1.0,0.3,0.685,0.161,0.0,0.0,0.0,0.154
403,0.2,0.4,0.2,0.5,0.5,0.451,0.0,0.0,0.0,0.0,0.549
404,0.9,0.7,0.6,0.7,0.3,0.56,0.038,0.003,0.0,0.0,0.399
405,0.8,0.1,0.4,1.0,0.3,0.685,0.161,0.0,0.0,0.0,0.154
406,0.6,0.9,0.1,0.5,0.7,0.581,0.0,0.001,0.0,0.0,0.418
407,0.0,0.6,0.7,0.4,0.9,0.791,0.0,0.0,0.0,0.0,0.209
408,0.2,0.3,0.8,0.2,0.8,0.739,0.0,0.0,0.0,0.0,0.261
409,0.0,0.6,0.7,0.9,0.6,0.783,0.0,0.0,0.0,0.0,0.217
410,0.4,0.2,0.9,1.0,0.3,0.881,0.0,0.0,0.0,0.0,0.119
411,0.2,0.3,0.8,0.0,0.8,0.689,0.0,0.0,0.0,0.0,0.311
412,0.2,0.4,0.2,0.6,0.1,0.373,0.0,0.0,0.218,0.0,0.41
413,0.7,0.7,0.3,0.9,0.6,0.674,0.035,0.005,0.0,0.0,0.286
414,0.2,0.3,0.8,0.4,0.9,0.82,0.0,0.0,0.0,0.0,0.18
415,0.9,0.7,0.6,0.3,0.2,0.551,0.0,0.008,0.0,0.0,0.441
416,0.5,1.0,0.5,0.8,0.4,0.672,0.0,0.001,0.0,0.0,0.327
417,0.4,0.2,0.9,0.2,0.8,0.817,0.0,0.0,0.0,0.0,0.183
418,0.2,0.3,0.8,0.6,0.1,0.597,0.0,0.0,0.0,0.0,0.403
419,0.3,0.0,0.0,0.2,0.8,0.595,0.0,0.0,0.0,0.0,0.405
420,0.6,0.9,0.1,0.5,0.7,0.581,0.0,0.001,0.0,0.0,0.418
421,0.9,0.7,0.6,0.3,0.0,0.416,0.0,0.031,0.0,0.0,0.554
422,0.7,0.7,0.3,0.2,0.8,0.724,0.0,0.0,0.0,0.0,0.276
423,0.6,0.5,0.0,0.2,0.8,0.572,0.0,0.0,0.0,0.0,0.427
424,0.2,0.3,0.8,0.4,0.9,0.82,0.0,0.0,0.0,0.0,0.18
425,1.0,0.4,0.2,0.5,0.6,0.749,0.001,0.001,0.0,0.0,0.249
426,0.3,0.0,0.0,0.7,0.3,0.463,0.0,0.005,0.002,0.0,0.53
427,0.3,0.0,0.0,0.0,0.8,0.563,0.0,0.0,0.0,0.0,0.437
428,0.4,0.2,0.9,0.3,0.2,0.657,0.0,0.001,0.0,0.0,0.342
429,0.6,0.6,0.1,0.3,0.2,0.277,0.0,0.0,0.421,0.0,0.302
430,0.2,0.3,0.8,0.2,0.8,0.739,0.0,0.0,0.0,0.0,0.261
431,0.4,1.0,0.7,0.0,0.0,0.724,0.0,0.0,0.0,0.0,0.275
432,1.0,0.4,0.2,0.4,0.9,0.841,0.0,0.0,0.0,0.0,0.158
433,0.8,0.1,0.4,0.2,0.8,0.813,0.0,0.0,0.0,0.0,0.187
434,0.2,0.3,0.8,0.2,0.8,0.739,0.0,0.0,0.0,0.0,0.261
435,0.1,0.5,0.5,0.4,0.9,0.791,0.0,0.0,0.0,0.0,0.209
436,1.0,0.4,0.2,0.8,0.4,0.533,0.245,0.001,0.0,0.0,0.221
437,0.5,0.9,0.6,0.6,0.1,0.569,0.0,0.0,0.0,0.0,0.431
438,0.6,0.9,0.1,0.1,0.5,0.534,0.0,0.0,0.0,0.0,0.466
439,0.8,0.1,0.4,0.9,0.6,0.742,0.095,0.0,0.0,0.0,0.163
440,0.5,0.8,0.7,0.2,0.8,0.813,0.0,0.0,0.0,0.0,0.187
441,0.5,0.9,0.6,0.7,0.3,0.64,0.0,0.0,0.0,0.0,0.359
442,0.7,0.8,0.3,0.6,0.1,0.522,0.001,0.001,0.006,0.0,0.47
443,0.5,0.8,0.7,0.9,0.6,0.818,0.0,0.0,0.0,0.0,0.182
444,0.7,0.7,0.3,0.9,0.6,0.674,0.035,0.005,0.0,0.0,0.286
445,0.2,0.3,0.8,0.9,0.6,0.778,0.0,0.0,0.0,0.0,0.222
446,0.9,0.7,0.6,0.7,0.3,0.56,0.038,0.003,0.0,0.0,0.399
447,0.4,0.2,0.9,0.6,0.1,0.66,0.0,0.001,0.0,0.0,0.339
448,0.3,0.0,0.0,0.1,0.5,0.531,0.0,0.0,0.0,0.0,0.469
449,0.2,0.3,0.8,0.1,0.5,0.694,0.0,0.0,0.0,0.0,0.306
450,0.5,0.9,0.6,0.4,0.9,0.859,0.0,0.0,0.0,0.0,0.141
451,0.0,0.6,0.7,0.0,0.8,0.701,0.0,0.0,0.0,0.0,0.299
452,0.2,0.3,0.8,0.8,0.4,0.734,0.0,0.0,0.0,0.0,0.266
453,1.0,0.4,0.2,0.7,0.3,0.57,0.087,0.002,0.0,0.0,0.341
454,0.9,0.7,0.6,0.6,0.0,0.472,0.002,0.012,0.0,0.0,0.514
455,0.2,0.3,0.8,0.2,0.8,0.739,0.0,0.0,0.0,0.0,0.261
456,0.6,0.9,0.1,0.9,0.6,0.528,0.003,0.018,0.0,0.0,0.45
457,0.9,0.7,0.6,0.8,0.4,0.578,0.151,0.002,0.0,0.0,0.268
458,0.9,0.7,0.6,0.6,0.1,0.458,0.003,0.007,0.0,0.0,0.532
459,1.0,0.4,0.2,0.0,0.0,0.658,0.0,0.03,0.0,0.0,0.312
460,0.1,0.5,0.5,0.2,0.8,0.711,0.0,0.0,0.0,0.0,0.289
461,1.0,0.4,0.2,0.1,0.5,0.733,0.0,0.001,0.0,0.0,0.266
462,0.5,1.0,0.5,0.7,0.3,0.61,0.0,0.0,0.0,0.0,0.39
463,0.7,0.7,0.3,1.0,0.3,0.697,0.056,0.005,0.0,0.0,0.242
464,0.8,0.1,0.4,0.2,0.8,0.813,0.0,0.0,0.0,0.0,0.187
465,0.7,0.7,0.3,0.2,0.8,0.724,0.0,0.0,0.0,0.0,0.276
466,1.0,0.4,0.2,0.8,0.4,0.533,0.245,0.001,0.0,0.0,0.221
467,0.5,0.9,0.6,0.2,0.8,0.772,0.0,0.0,0.0,0.0,0.228
468,0.8,0.1,0.4,1.0,0.3,0.685,0.161,0.0,0.0,0.0,0.154
469,0.8,0.1,0.4,0.8,0.4,0.726,0.067,0.0,0.0,0.0,0.206
470,0.8,0.1,0.4,0.7,0.3,0.7,0.015,0.001,0.0,0.0,0.284
471,0.7,0.8,0.3,0.8,0.4,0.626,0.01,0.003,0.0,0.0,0.362
472,0.6,0.6,0.1,0.2,0.8,0.633,0.0,0.0,0.0,0.0,0.367
473,0.5,0.9,0.6,0.2,0.8,0.772,0.0,0.0,0.0,0.0,0.228
474,0.3,0.0,0.0,0.2,0.8,0.595,0.0,0.0,0.0,0.0,0.405
475,0.6,0.9,0.1,0.5,0.6,0.494,0.0,0.0,0.0,0.0,0.505
476,0.4,1.0,0.7,0.2,0.8,0.861,0.0,0.0,0.0,0.0,0.139
477,0.6,0.9,0.1,0.7,0.3,0.445,0.001,0.001,0.003,0.0,0.55
478,0.8,0.1,0.4,0.4,0.9,0.869,0.0,0.0,0.0,0.0,0.131
479,0.0,0.6,0.7,0.5,0.5,0.651,0.0,0.0,0.0,0.0,0.349
480,0.5,1.0,0.5,0.5,0.7,0.793,0.0,0.0,0.0,0.0,0.207
481,0.7,0.8,0.3,0.7,0.3,0.576,0.004,0.001,0.0,0.0,0.419
482,0.4,0.2,0.9,0.2,0.8,0.817,0.0,0.0,0.0,0.0,0.183
483,0.5,1.0,0.5,0.5,0.7,0.793,0.0,0.0,0.0,0.0,0.207
484,0.7,0.7,0.3,0.0,0.8,0.709,0.0,0.0,0.0,0.0,0.291
485,0.3,0.0,0.0,0.4,0.9,0.657,0.0,0.0,0.0,0.0,0.343
486,0.1,0.5,0.5,0.4,0.9,0.791,0.0,0.0,0.0,0.0,0.209
487,0.5,0.8,0.7,0.6,0.0,0.596,0.0,0.0,0.0,0.0,0.403
488,0.2,0.3,0.8,0.5,0.7,0.823,0.0,0.0,0.0,0.0,0.177
489,0.6,0.9,0.1,0.8,0.4,0.487,0.002,0.004,0.0,0.0,0.507
490,0.5,0.9,0.6,0.3,0.2,0.593,0.0,0.0,0.0,0.0,0.407
491,0.2,0.3,0.8,0.5,0.7,0.823,0.0,0.0,0.0,0.0,0.177
492,0.8,0.1,0.4,0.9,0.6,0.742,0.095,0.0,0.0,0.0,0.163
493,0.5,0.8,0.7,0.5,0.7,0.877,0.0,0.0,0.0,0.0,0.123
494,0.4,1.0,0.7,0.5,0.6,0.853,0.0,0.0,0.0,0.0,0.147
495,1.0,0.4,0.2,0.3,0.1,0.485,0.0,0.023,0.0,0.0,0.492
496,0.0,0.6,0.7,0.9,0.6,0.783,0.0,0.0,0.0,0.0,0.217
497,0.2,0.3,0.8,0.6,0.1,0.597,0.0,0.0,0.0,0.0,0.403
498,0.1,0.5,0.5,0.8,0.4,0.72,0.0,0.0,0.0,0.0,0.28
499,0.2,0.3,0.8,0.6,0.0,0.584,0.0,0.0,0.0,0.0,0.416
500,0.4,1.0,0.7,0.8,0.4,0.82,0.0,0.0,0.0,0.0,0.18
501,0.2,0.3,0.8,0.7,0.3,0.683,0.0,0.0,0.0,0.0,0.317
502,0.7,0.7,0.3,0.5,0.7,0.774,0.0,0.0,0.0,0.0,0.225
503,0.3,0.0,0.0,0.4,0.9,0.657,0.0,0.0,0.0,0.0,0.343
504,0.8,0.1,0.4,0.9,0.6,0.742,0.095,0.0,0.0,0.0,0.163
505,0.6,0.6,0.1,0.6,0.1,0.306,0.002,0.0,0.356,0.0,0.336
506,0.0,0.6,0.7,0.1,0.5,0.702,0.0,0.0,0.0,0.0,0.298
507,0.4,0.2,0.9,0.9,0.6,0.865,0.0,0.0,0.0,0.0,0.135
508,0.2,0.3,0.8,0.2,0.8,0.739,0.0,0.0,0.0,0.0,0.261
509,0.2,0.4,0.2,0.5,0.7,0.629,0.0,0.001,0.0,0.0,0.37
510,0.1,0.5,0.5,0.2,0.8,0.711,0.0,0.0,0.0,0.0,0.289
511,0.5,0.8,0.7,0.9,0.6,0.818,0.0,0.0,0.0,0.0,0.182
512,0.5,0.8,0.7,0.5,0.6,0.818,0.0,0.0,0.0,0.0,0.182
513,0.6,0.6,0.1,0.6,0.1,0.306,0.002,0.0,0.356,0.0,0.336
514,0.1,0.5,0.5,0.6,0.1,0.607,0.0,0.0,0.001,0.0,0.392
515,0.4,0.2,0.9,0.4,0.9,0.875,0.0,0.0,0.0,0.0,0.125
516,0.7,0.7,0.3,0.5,0.6,0.701,0.0,0.0,0.0,0.0,0.298
517,1.0,0.4,0.2,0.0,0.8,0.774,0.0,0.0,0.0,0.0,0.226
518,0.3,0.7,0.0,1.0,0.3,0.554,0.0,0.033,0.0,0.0,0.414
519,0.8,0.1,0.4,0.0,0.8,0.782,0.0,0.0,0.0,0.0,0.218
520,0.4,0.2,0.9,0.0,0.8,0.786,0.0,0.0,0.0,0.0,0.214
521,0.6,0.5,0.0,0.7,0.3,0.413,0.005,0.003,0.011,0.0,0.569
522,0.4,0.2,0.9,0.6,0.1,0.66,0.0,0.001,0.0,0.0,0.339
523,1.0,0.4,0.2,1.0,0.3,0.611,0.211,0.001,0.0,0.0,0.178
524,0.0,0.6,0.7,0.9,0.6,0.783,0.0,0.0,0.0,0.0,0.217
525,0.4,0.2,0.9,0.2,0.8,0.817,0.0,0.0,0.0,0.0,0.183
526,0.1,0.5,0.5,0.3,0.1,0.539,0.0,0.0,0.001,0.0,0.46
527,0.9,0.7,0.6,0.2,0.8,0.737,0.0,0.0,0.0,0.0,0.263
528,0.7,0.7,0.3,1.0,0.3,0.697,0.056,0.005,0.0,0.0,0.242
529,0.8,0.1,0.4,0.2,0.8,0.813,0.0,0.0,0.0,0.0,0.187
530,0.2,0.3,0.8,0.3,0.1,0.555,0.0,0.0,0.0,0.0,0.445
531,0.0,0.6,0.7,0.4,0.9,0.791,0.0,0.0,0.0,0.0,0.209
532,0.6,0.6,0.1,0.2,0.8,0.633,0.0,0.0,0.0,0.0,0.367
533,0.8,0.1,0.4,0.5,0.5,0.73,0.0,0.0,0.0,0.0,0.27
534,0.0,0.6,0.7,0.4,0.9,0.791,0.0,0.0,0.0,0.0,0.209
535,0.8,0.1,0.4,0.2,0.8,0.813,0.0,0.0,0.0,0.0,0.187
536,0.6,0.9,0.1,0.4,0.9,0.626,0.0,0.0,0.0,0.0,0.374
537,0.5,0.9,0.6,0.6,0.1,0.569,0.0,0.0,0.0,0.0,0.431
538,0.7,0.7,0.3,0.4,0.9,0.795,0.0,0.0,0.0,0.0,0.205
539,0.9,0.7,0.6,0.4,0.9,0.823,0.0,0.0,0.0,0.0,0.177
540,0.0,0.6,0.7,0.6,0.1,0.627,0.0,0.0,0.0,0.0,0.373
541,0.6,0.6,0.1,0.4,0.9,0.701,0.0,0.0,0.0,0.0,0.299
542,0.2,0.4,0.2,0.6,0.1,0.373,0.0,0.0,0.218,0.0,0.41
543,0.9,0.7,0.6,0.8,0.4,0.578,0.151,0.002,0.0,0.0,0.268
544,0.4,0.2,0.9,0.7,0.3,0.763,0.0,0.0,0.0,0.0,0.237
545,0.3,0.0,0.0,0.3,0.2,0.361,0.0,0.0,0.111,0.0,0.527
546,0.7,0.8,0.3,0.8,0.4,0.626,0.01,0.003,0.0,0.0,0.362
547,0.4,1.0,0.7,0.9,0.6,0.866,0.0,0.0,0.0,0.0,0.134
548,0.8,0.1,0.4,0.6,0.0,0.585,0.002,0.006,0.0,0.0,0.407
549,0.8,0.1,0.4,0.5,0.6,0.811,0.0,0.0,0.0,0.0,0.189
550,0.1,0.5,0.5,0.4,0.9,0.791,0.0,0.0,0.0,0.0,0.209
551,0.2,0.3,0.8,0.9,0.6,0.778,0.0,0.0,0.0,0.0,0.222
552,0.4,0.2,0.9,0.9,0.6,0.865,0.0,0.0,0.0,0.0,0.135
553,0.4,0.2,0.9,1.0,0.3,0.881,0.0,0.0,0.0,0.0,0.119
554,0.4,1.0,0.7,0.2,0.8,0.861,0.0,0.0,0.0,0.0,0.139
555,0.9,0.7,0.6,0.0,0.8,0.724,0.0,0.0,0.0,0.0,0.276
556,0.6,0.6,0.1,0.8,0.4,0.531,0.006,0.006,0.0,0.0,0.457
557,0.6,0.6,0.1,0.8,0.4,0.531,0.006,0.006,0.0,0.0,0.457
558,0.6,0.5,0.0,0.8,0.4,0.453,0.007,0.009,0.0,0.0,0.531
559,0.5,0.9,0.6,0.8,0.4,0.711,0.0,0.0,0.0,0.0,0.289
560,0.1,0.5,0.5,0.3,0.1,0.539,0.0,0.0,0.001,0.0,0.46
561,0.8,0.1,0.4,0.8,0.4,0.726,0.067,0.0,0.0,0.0,0.206
562,0.8,0.1,0.4,0.5,0.7,0.868,0.0,0.0,0.0,0.0,0.131
563,0.6,0.5,0.0,0.8,0.4,0.453,0.007,0.009,0.0,0.0,0.531
564,0.5,1.0,0.5,0.6,0.1,0.534,0.0,0.0,0.001,0.0,0.465
565,0.2,0.3,0.8,0.4,0.9,0.82,0.0,0.0,0.0,0.0,0.18
566,0.8,0.1,0.4,0.6,0.1,0.61,0.003,0.003,0.0,0.0,0.384
567,0.3,0.0,0.0,1.0,0.3,0.571,0.0,0.008,0.0,0.0,0.421
568,0.2,0.3,0.8,0.9,0.6,0.778,0.0,0.0,0.0,0.0,0.222
569,0.2,0.3,0.8,0.5,0.5,0.678,0.0,0.0,0.0,0.0,0.322
570,0.5,0.9,0.6,0.2,0.8,0.772,0.0,0.0,0.0,0.0,0.228
571,0.9,0.7,0.6,0.8,0.4,0.578,0.151,0.002,0.0,0.0,0.268
572,0.6,0.9,0.1,0.7,0.3,0.445,0.001,0.001,0.003,0.0,0.55
573,0.2,0.4,0.2,0.5,0.6,0.542,0.0,0.0,0.0,0.0,0.458
574,0.9,0.7,0.6,0.4,0.9,0.823,0.0,0.0,0.0,0.0,0.177
575,0.0,0.6,0.7,1.0,0.3,0.805,0.0,0.0,0.0,0.0,0.195
576,0.6,0.6,0.1,0.1,0.5,0.587,0.0,0.0,0.0,0.0,0.412
577,0.8,0.1,0.4,0.0,0.0,0.718,0.0,0.016,0.0,0.0,0.267
578,0.6,0.6,0.1,0.1,0.5,0.587,0.0,0.0,0.0,0.0,0.412
579,0.9,0.7,0.6,0.4,0.9,0.823,0.0,0.0,0.0,0.0,0.177
580,0.4,0.2,0.9,0.3,0.2,0.657,0.0,0.001,0.0,0.0,0.342
581,0.5,0.9,0.6,0.0,0.8,0.743,0.0,0.0,0.0,0.0,0.257
582,0.1,0.5,0.5,0.9,0.6,0.763,0.0,0.001,0.0,0.0,0.237
583,0.5,1.0,0.5,0.5,0.7,0.793,0.0,0.0,0.0,0.0,0.207
584,0.6,0.9,0.1,1.0,0.3,0.574,0.008,0.019,0.0,0.0,0.399
585,0.8,0.1,0.4,0.6,0.0,0.585,0.002,0.006,0.0,0.0,0.407
586,1.0,0.4,0.2,0.3,0.2,0.56,0.0,0.012,0.0,0.0,0.428
587,1.0,0.4,0.2,0.5,0.6,0.749,0.001,0.001,0.0,0.0,0.249
588,0.9,0.7,0.6,0.4,0.9,0.823,0.0,0.0,0.0,0.0,0.177
589,0.4,1.0,0.7,0.2,0.8,0.861,0.0,0.0,0.0,0.0,0.139
590,0.4,0.2,0.9,0.7,0.3,0.763,0.0,0.0,0.0,0.0,0.237
591,0.4,0.2,0.9,0.4,0.9,0.875,0.0,0.0,0.0,0.0,0.125
592,0.6,0.5,0.0,0.6,0.0,0.138,0.001,0.0,0.611,0.0,0.25
593,0.6,0.9,0.1,0.9,0.6,0.528,0.003,0.018,0.0,0.0,0.45
594,0.7,0.8,0.3,0.1,0.5,0.687,0.0,0.0,0.0,0.0,0.313
595,0.2,0.4,0.2,0.2,0.8,0.572,0.0,0.0,0.0,0.0,0.428
596,0.5,0.8,0.7,0.5,0.7,0.877,0.0,0.0,0.0,0.0,0.123
597,0.9,0.7,0.6,1.0,0.3,0.604,0.223,0.002,0.0,0.0,0.171
598,0.8,0.1,0.4,0.1,0.5,0.75,0.0,0.001,0.0,0.0,0.249
599,0.4,0.2,0.9,0.3,0.2,0.657,0.0,0.001,0.0,0.0,0.342
600,0.8,0.1,0.4,0.0,0.8,0.782,0.0,0.0,0.0,0.0,0.218
601,0.5,0.9,0.6,0.8,0.4,0.711,0.0,0.0,0.0,0.0,0.289
602,0.9,0.7,0.6,0.6,0.1,0.458,0.003,0.007,0.0,0.0,0.532
603,0.2,0.4,0.2,0.6,0.1,0.373,0.0,0.0,0.218,0.0,0.41
604,0.4,0.2,0.9,0.1,0.5,0.775,0.0,0.0,0.0,0.0,0.225
605,0.8,0.1,0.4,0.3,0.1,0.566,0.0,0.009,0.0,0.0,0.425
606,0.2,0.3,0.8,0.8,0.4,0.734,0.0,0.0,0.0,0.0,0.266
607,0.6,0.9,0.1,0.1,0.5,0.534,0.0,0.0,0.0,0.0,0.466
608,0.2,0.3,0.8,0.9,0.6,0.778,0.0,0.0,0.0,0.0,0.222
609,0.6,0.6,0.1,0.9,0.6,0.564,0.009,0.012,0.0,0.0,0.415
610,0.3,0.0,0.0,0.8,0.4,0.503,0.0,0.005,0.0,0.0,0.492
611,0.3,0.0,0.0,0.2,0.8,0.595,0.0,0.0,0.0,0.0,0.405
612,0.7,0.7,0.3,0.0,0.8,0.709,0.0,0.0,0.0,0.0,0.291
613,0.8,0.1,0.4,0.6,0.1,0.61,0.003,0.003,0.0,0.0,0.384
614,0.5,0.8,0.7,0.2,0.8,0.813,0.0,0.0,0.0,0.0,0.187
615,0.4,0.2,0.9,0.5,0.7,0.877,0.0,0.0,0.0,0.0,0.123
616,0.7,0.7,0.3,0.4,0.9,0.795,0.0,0.0,0.0,0.0,0.205
617,0.2,0.3,0.8,0.2,0.8,0.739,0.0,0.0,0.0,0.0,0.261
618,0.5,1.0,0.5,0.9,0.6,0.754,0.0,0.001,0.0,0.0,0.244
619,1.0,0.4,0.2,0.9,0.6,0.53,0.28,0.001,0.0,0.0,0.19
620,0.8,0.1,0.4,0.5,0.7,0.868,0.0,0.0,0.0,0.0,0.131
621,0.5,0.8,0.7,0.5,0.5,0.729,0.0,0.0,0.0,0.0,0.271
622,0.4,0.2,0.9,0.3,0.1,0.606,0.0,0.002,0.0,0.0,0.393
623,0.8,0.1,0.4,0.3,0.2,0.618,0.0,0.005,0.0,0.0,0.377
624,0.6,0.9,0.1,0.5,0.5,0.417,0.0,0.0,0.001,0.0,0.582
625,0.2,0.3,0.8,0.8,0.4,0.734,0.0,0.0,0.0,0.0,0.266
626,0.5,1.0,0.5,0.9,0.6,0.754,0.0,0.001,0.0,0.0,0.244
627,0.1,0.5,0.5,0.8,0.4,0.72,0.0,0.0,0.0,0.0,0.28
628,0.9,0.7,0.6,1.0,0.3,0.604,0.223,0.002,0.0,0.0,0.171
629,0.9,0.7,0.6,0.7,0.3,0.56,0.038,0.003,0.0,0.0,0.399
630,0.5,0.9,0.6,0.8,0.4,0.711,0.0,0.0,0.0,0.0,0.289
631,0.5,0.8,0.7,0.5,0.7,0.877,0.0,0.0,0.0,0.0,0.123
632,0.7,0.7,0.3,0.4,0.9,0.795,0.0,0.0,0.0,0.0,0.205
633,0.2,0.4,0.2,0.9,0.6,0.609,0.0,0.006,0.0,0.0,0.384
634,0.9,0.7,0.6,0.8,0.4,0.578,0.151,0.002,0.0,0.0,0.268
635,0.3,0.0,0.0,0.7,0.3,0.463,0.0,0.005,0.002,0.0,0.53
636,0.2,0.3,0.8,0.1,0.5,0.694,0.0,0.0,0.0,0.0,0.306
637,0.2,0.3,0.8,0.6,0.1,0.597,0.0,0.0,0.0,0.0,0.403
638,0.6,0.9,0.1,0.1,0.5,0.534,0.0,0.0,0.0,0.0,0.466
639,0.9,0.7,0.6,0.5,0.7,0.802,0.0,0.0,0.0,0.0,0.197
640,0.0,0.6,0.7,0.6,0.0,0.632,0.0,0.0,0.0,0.0,0.367
641,0.4,1.0,0.7,0.5,0.7,0.901,0.0,0.0,0.0,0.0,0.099
642,0.2,0.3,0.8,0.0,0.8,0.689,0.0,0.0,0.0,0.0,0.311
643,0.2,0.4,0.2,0.2,0.8,0.572,0.0,0.0,0.0,0.0,0.428
644,0.5,0.8,0.7,0.3,0.2,0.637,0.0,0.0,0.0,0.0,0.363
645,0.0,0.6,0.7,0.3,0.2,0.609,0.0,0.0,0.0,0.0,0.391
646,0.6,0.9,0.1,0.6,0.1,0.274,0.0,0.0,0.311,0.0,0.414
647,0.7,0.8,0.3,0.4,0.9,0.779,0.0,0.0,0.0,0.0,0.221
648,0.6,0.5,0.0,0.5,0.7,0.6,0.0,0.001,0.0,0.0,0.399
649,0.9,0.7,0.6,0.5,0.5,0.602,0.0,0.001,0.0,0.0,0.396
650,0.5,1.0,0.5,0.3,0.1,0.504,0.0,0.0,0.0,0.0,0.496
651,0.5,0.9,0.6,0.7,0.3,0.64,0.0,0.0,0.0,0.0,0.359
652,0.2,0.3,0.8,0.6,0.1,0.597,0.0,0.0,0.0,0.0,0.403
653,0.9,0.7,0.6,1.0,0.3,0.604,0.223,0.002,0.0,0.0,0.171
654,0.4,0.2,0.9,0.7,0.3,0.763,0.0,0.0,0.0,0.0,0.237
655,0.5,0.9,0.6,0.4,0.9,0.859,0.0,0.0,0.0,0.0,0.141
656,0.3,0.0,0.0,0.6,0.1,0.396,0.0,0.002,0.085,0.0,0.517
657,0.6,0.5,0.0,1.0,0.3,0.534,0.009,0.015,0.0,0.0,0.441
658,0.6,0.5,0.0,0.4,0.9,0.642,0.0,0.0,0.0,0.0,0.358
659,0.4,0.2,0.9,0.2,0.8,0.817,0.0,0.0,0.0,0.0,0.183
660,0.5,0.8,0.7,0.6,0.1,0.597,0.0,0.0,0.0,0.0,0.403
661,0.2,0.3,0.8,0.2,0.8,0.739,0.0,0.0,0.0,0.0,0.261
662,0.2,0.3,0.8,0.6,0.1,0.597,0.0,0.0,0.0,0.0,0.403
663,0.1,0.5,0.5,0.6,0.1,0.607,0.0,0.0,0.001,0.0,0.392
664,0.0,0.6,0.7,0.1,0.5,0.702,0.0,0.0,0.0,0.0,0.298
665,0.6,0.6,0.1,0.9,0.6,0.564,0.009,0.012,0.0,0.0,0.415
666,0.3,0.0,0.0,0.5,0.7,0.616,0.0,0.001,0.0,0.0,0.383
667,0.4,0.2,0.9,0.6,0.1,0.66,0.0,0.001,0.0,0.0,0.339
668,0.7,0.8,0.3,0.5,0.6,0.66,0.0,0.0,0.0,0.0,0.339
669,0.9,0.7,0.6,1.0,0.3,0.604,0.223,0.002,0.0,0.0,0.171
670,0.0,0.6,0.7,0.9,0.6,0.783,0.0,0.0,0.0,0.0,0.217
671,0.4,0.2,0.9,0.2,0.8,0.817,0.0,0.0,0.0,0.0,0.183
672,0.7,0.8,0.3,0.0,0.8,0.693,0.0,0.0,0.0,0.0,0.307
673,0.8,0.1,0.4,0.6,0.1,0.61,0.003,0.003,0.0,0.0,0.384
674,0.8,0.1,0.4,0.9,0.6,0.742,0.095,0.0,0.0,0.0,0.163
675,0.9,0.7,0.6,0.9,0.6,0.635,0.155,0.001,0.0,0.0,0.209
676,0.7,0.7,0.3,0.2,0.8,0.724,0.0,0.0,0.0,0.0,0.276
677,0.8,0.1,0.4,0.2,0.8,0.813,0.0,0.0,0.0,0.0,0.187
678,0.2,0.4,0.2,1.0,0.3,0.666,0.0,0.009,0.0,0.0,0.325
679,0.6,0.6,0.1,0.4,0.9,0.701,0.0,0.0,0.0,0.0,0.299
680,0.6,0.6,0.1,0.0,0.8,0.599,0.0,0.0,0.0,0.0,0.401
681,0.5,0.8,0.7,0.3,0.1,0.554,0.0,0.0,0.0,0.0,0.445
682,0.0,0.6,0.7,0.8,0.4,0.732,0.0,0.0,0.0,0.0,0.268
683,0.0,0.6,0.7,0.7,0.3,0.676,0.0,0.0,0.0,0.0,0.324
684,0.5,0.8,0.7,0.3,0.1,0.554,0.0,0.0,0.0,0.0,0.445
685,0.4,1.0,0.7,1.0,0.3,0.893,0.0,0.0,0.0,0.0,0.106
686,0.6,0.6,0.1,0.5,0.7,0.665,0.0,0.001,0.0,0.0,0.334
687,0.6,0.6,0.1,1.0,0.3,0.6,0.012,0.013,0.0,0.0,0.374
688,0.8,0.1,0.4,0.3,0.2,0.618,0.0,0.005,0.0,0.0,0.377
689,0.1,0.5,0.5,0.9,0.6,0.763,0.0,0.001,0.0,0.0,0.237
690,0.2,0.4,0.2,0.1,0.5,0.507,0.0,0.0,0.0,0.0,0.493
691,0.8,0.1,0.4,0.9,0.6,0.742,0.095,0.0,0.0,0.0,0.163
692,0.9,0.7,0.6,0.9,0.6,0.635,0.155,0.001,0.0,0.0,0.209
693,0.5,0.8,0.7,0.4,0.9,0.891,0.0,0.0,0.0,0.0,0.109
694,0.8,0.1,0.4,0.7,0.3,0.7,0.015,0.001,0.0,0.0,0.284
695,0.7,0.7,0.3,0.5,0.7,0.774,0.0,0.0,0.0,0.0,0.225
696,0.9,0.7,0.6,0.7,0.3,0.56,0.038,0.003,0.0,0.0,0.399
697,0.7,0.7,0.3,0.6,0.1,0.547,0.003,0.001,0.004,0.0,0.446
698,0.4,1.0,0.7,0.8,0.4,0.82,0.0,0.0,0.0,0.0,0.18
699,0.8,0.1,0.4,0.9,0.6,0.742,0.095,0.0,0.0,0.0,0.163
700,0.1,0.5,0.5,0.4,0.9,0.791,0.0,0.0,0.0,0.0,0.209
701,0.6,0.5,0.0,0.8,0.4,0.453,0.007,0.009,0.0,0.0,0.531
702,0.8,0.1,0.4,0.5,0.7,0.868,0.0,0.0,0.0,0.0,0.131
703,0.0,0.6,0.7,0.3,0.0,0.535,0.0,0.0,0.0,0.0,0.465
704,0.8,0.1,0.4,0.6,0.1,0.61,0.003,0.003,0.0,0.0,0.384
705,0.9,0.7,0.6,1.0,0.3,0.604,0.223,0.002,0.0,0.0,0.171
706,0.2,0.3,0.8,0.1,0.5,0.694,0.0,0.0,0.0,0.0,0.306
707,0.5,0.9,0.6,0.8,0.4,0.711,0.0,0.0,0.0,0.0,0.289
708,0.5,1.0,0.5,0.2,0.8,0.727,0.0,0.0,0.0,0.0,0.273
709,0.0,0.6,0.7,0.4,0.9,0.791,0.0,0.0,0.0,0.0,0.209
710,0.0,0.6,0.7,1.0,0.3,0.805,0.0,0.0,0.0,0.0,0.195
711,0.5,0.8,0.7,0.7,0.3,0.675,0.0,0.0,0.0,0.0,0.325
712,0.9,0.7,0.6,0.4,0.9,0.823,0.0,0.0,0.0,0.0,0.177
713,0.6,0.5,0.0,0.5,0.7,0.6,0.0,0.001,0.0,0.0,0.399
714,1.0,0.4,0.2,0.5,0.7,0.824,0.0,0.0,0.0,0.0,0.175
715,0.5,0.8,0.7,0.5,0.6,0.818,0.0,0.0,0.0,0.0,0.182
716,0.2,0.3,0.8,0.7,0.3,0.683,0.0,0.0,0.0,0.0,0.317
717,0.4,0.2,0.9,0.7,0.3,0.763,0.0,0.0,0.0,0.0,0.237
718,0.9,0.7,0.6,0.4,0.9,0.823,0.0,0.0,0.0,0.0,0.177
719,0.7,0.8,0.3,0.6,0.1,0.522,0.001,0.001,0.006,0.0,0.47
720,0.2,0.3,0.8,1.0,0.3,0.792,0.0,0.0,0.0,0.0,0.208
721,0.8,0.1,0.4,0.5,0.7,0.868,0.0,0.0,0.0,0.0,0.131
722,0.2,0.3,0.8,0.3,0.2,0.599,0.0,0.0,0.0,0.0,0.401
723,1.0,0.4,0.2,0.5,0.7,0.824,0.0,0.0,0.0,0.0,0.175
724,0.9,0.7,0.6,0.7,0.3,0.56,0.038,0.003,0.0,0.0,0.399
725,0.6,0.9,0.1,0.7,0.3,0.445,0.001,0.001,0.003,0.0,0.55
726,0.2,0.3,0.8,0.6,0.1,0.597,0.0,0.0,0.0,0.0,0.403
727,0.4,1.0,0.7,0.6,0.1,0.719,0.0,0.0,0.0,0.0,0.281
728,0.8,0.1,0.4,0.8,0.4,0.726,0.067,0.0,0.0,0.0,0.206
729,0.2,0.3,0.8,0.2,0.8,0.739,0.0,0.0,0.0,0.0,0.261
730,0.2,0.4,0.2,0.6,0.0,0.33,0.0,0.0,0.297,0.0,0.373
731,0.7,0.7,0.3,0.6,0.0,0.543,0.002,0.001,0.012,0.0,0.441
732,0.8,0.1,0.4,0.5,0.7,0.868,0.0,0.0,0.0,0.0,0.131
733,0.2,0.3,0.8,0.1,0.5,0.694,0.0,0.0,0.0,0.0,0.306
734,0.8,0.1,0.4,0.0,0.8,0.782,0.0,0.0,0.0,0.0,0.218
735,0.1,0.5,0.5,0.0,0.8,0.669,0.0,0.0,0.0,0.0,0.331
736,0.4,0.2,0.9,0.3,0.0,0.579,0.0,0.003,0.0,0.0,0.418
737,0.9,0.7,0.6,0.5,0.7,0.802,0.0,0.0,0.0,0.0,0.197
738,0.4,0.2,0.9,0.3,0.2,0.657,0.0,0.001,0.0,0.0,0.342
739,0.9,0.7,0.6,0.4,0.9,0.823,0.0,0.0,0.0,0.0,0.177
740,0.5,0.8,0.7,0.8,0.4,0.748,0.0,0.0,0.0,0.0,0.251
741,0.0,0.6,0.7,0.9,0.6,0.783,0.0,0.0,0.0,0.0,0.217
742,0.0,0.6,0.7,0.4,0.9,0.791,0.0,0.0,0.0,0.0,0.209
743,0.5,0.8,0.7,0.3,0.2,0.637,0.0,0.0,0.0,0.0,0.363
744,0.6,0.9,0.1,1.0,0.3,0.574,0.008,0.019,0.0,0.0,0.399
745,0.7,0.7,0.3,0.7,0.3,0.601,0.007,0.001,0.0,0.0,0.391
746,0.9,0.7,0.6,0.2,0.8,0.737,0.0,0.0,0.0,0.0,0.263
747,0.1,0.5,0.5,0.6,0.1,0.607,0.0,0.0,0.001,0.0,0.392
748,0.7,0.7,0.3,1.0,0.3,0.697,0.056,0.005,0.0,0.0,0.242
749,0.5,1.0,0.5,0.5,0.7,0.793,0.0,0.0,0.0,0.0,0.207
750,0.7,0.7,0.3,0.3,0.1,0.534,0.0,0.001,0.003,0.0,0.462
751,0.4,0.2,0.9,0.3,0.2,0.657,0.0,0.001,0.0,0.0,0.342
752,1.0,0.4,0.2,0.0,0.8,0.774,0.0,0.0,0.0,0.0,0.226
753,0.2,0.3,0.8,0.5,0.6,0.758,0.0,0.0,0.0,0.0,0.242
754,0.9,0.7,0.6,0.7,0.3,0.56,0.038,0.003,0.0,0.0,0.399
755,0.2,0.3,0.8,0.2,0.8,0.739,0.0,0.0,0.0,0.0,0.261
756,0.5,1.0,0.5,0.3,0.0,0.463,0.0,0.0,0.0,0.0,0.536
757,0.8,0.1,0.4,0.0,0.0,0.718,0.0,0.016,0.0,0.0,0.267
758,0.0,0.6,0.7,0.1,0.5,0.702,0.0,0.0,0.0,0.0,0.298
759,0.8,0.1,0.4,0.6,0.0,0.585,0.002,0.006,0.0,0.0,0.407
760,0.2,0.3,0.8,0.4,0.9,0.82,0.0,0.0,0.0,0.0,0.18
761,0.5,1.0,0.5,1.0,0.3,0.798,0.0,0.002,0.0,0.0,0.2
762,0.6,0.9,0.1,0.4,0.9,0.626,0.0,0.0,0.0,0.0,0.374
763,0.5,0.8,0.7,0.9,0.6,0.818,0.0,0.0,0.0,0.0,0.182
764,0.1,0.5,0.5,0.1,0.5,0.678,0.0,0.0,0.0,0.0,0.322
765,0.0,0.6,0.7,0.5,0.7,0.8,0.0,0.0,0.0,0.0,0.2
766,0.6,0.9,0.1,0.5,0.7,0.581,0.0,0.001,0.0,0.0,0.418
767,0.8,0.1,0.4,0.9,0.6,0.742,0.095,0.0,0.0,0.0,0.163
768,0.2,0.3,0.8,0.1,0.5,0.694,0.0,0.0,0.0,0.0,0.306
769,0.4,0.2,0.9,0.8,0.4,0.823,0.0,0.0,0.0,0.0,0.177
770,0.8,0.1,0.4,1.0,0.3,0.685,0.161,0.0,0.0,0.0,0.154
771,0.9,0.7,0.6,0.3,0.1,0.477,0.0,0.016,0.0,0.0,0.507
772,0.8,0.1,0.4,0.8,0.4,0.726,0.067,0.0,0.0,0.0,0.206
773,0.2,0.3,0.8,0.6,0.1,0.597,0.0,0.0,0.0,0.0,0.403
774,0.4,1.0,0.7,0.6,0.1,0.719,0.0,0.0,0.0,0.0,0.281
775,1.0,0.4,0.2,0.9,0.6,0.53,0.28,0.001,0.0,0.0,0.19
776,1.0,0.4,0.2,0.4,0.9,0.841,0.0,0.0,0.0,0.0,0.158
777,0.6,0.6,0.1,0.2,0.8,0.633,0.0,0.0,0.0,0.0,0.367
778,0.6,0.9,0.1,0.2,0.8,0.549,0.0,0.0,0.0,0.0,0.451
779,0.8,0.1,0.4,0.9,0.6,0.742,0.095,0.0,0.0,0.0,0.163
780,0.1,0.5,0.5,0.7,0.3,0.669,0.0,0.0,0.0,0.0,0.331
781,0.5,0.8,0.7,0.4,0.9,0.891,0.0,0.0,0.0,0.0,0.109
782,0.3,0.0,0.0,0.6,0.1,0.396,0.0,0.002,0.085,0.0,0.517
783,0.2,0.3,0.8,0.2,0.8,0.739,0.0,0.0,0.0,0.0,0.261
784,0.0,0.6,0.7,0.0,0.8,0.701,0.0,0.0,0.0,0.0,0.299
785,0.5,0.9,0.6,1.0,0.3,0.82,0.0,0.001,0.0,0.0,0.179
786,0.4,0.2,0.9,0.8,0.4,0.823,0.0,0.0,0.0,0.0,0.177
787,0.7,0.7,0.3,0.4,0.9,0.795,0.0,0.0,0.0,0.0,0.205
788,0.5,0.9,0.6,0.7,0.3,0.64,0.0,0.0,0.0,0.0,0.359
789,0.2,0.3,0.8,0.9,0.6,0.778,0.0,0.0,0.0,0.0,0.222
790,0.1,0.5,0.5,0.4,0.9,0.791,0.0,0.0,0.0,0.0,0.209
791,0.3,0.7,0.0,0.5,0.5,0.412,0.0,0.001,0.003,0.0,0.585
792,0.7,0.7,0.3,0.2,0.8,0.724,0.0,0.0,0.0,0.0,0.276
793,0.0,0.6,0.7,0.4,0.9,0.791,0.0,0.0,0.0,0.0,0.209
794,0.6,0.9,0.1,0.0,0.8,0.555,0.0,0.0,0.0,0.0,0.445
795,0.8,0.1,0.4,0.6,0.0,0.585,0.002,0.006,0.0,0.0,0.407
796,0.4,0.2,0.9,0.2,0.8,0.817,0.0,0.0,0.0,0.0,0.183
797,0.6,0.6,0.1,0.6,0.1,0.306,0.002,0.0,0.356,0.0,0.336
798,0.1,0.5,0.5,0.2,0.8,0.711,0.0,0.0,0.0,0.0,0.289
799,0.4,0.2,0.9,0.2,0.8,0.817,0.0,0.0,0.0,0.0,0.183
800,0.2,0.3,0.8,0.4,0.9,0.82,0.0,0.0,0.0,0.0,0.18
801,0.5,0.9,0.6,0.8,0.4,0.711,0.0,0.0,0.0,0.0,0.289
802,0.1,0.5,0.5,0.6,0.1,0.607,0.0,0.0,0.001,0.0,0.392
803,0.7,0.7,0.3,0.6,0.1,0.547,0.003,0.001,0.004,0.0,0.446
804,1.0,0.4,0.2,0.8,0.4,0.533,0.245,0.001,0.0,0.0,0.221
805,0.2,0.3,0.8,1.0,0.3,0.792,0.0,0.0,0.0,0.0,0.208
806,0.6,0.6,0.1,0.3,0.0,0.239,0.0,0.0,0.315,0.0,0.446
807,0.2,0.3,0.8,0.2,0.8,0.739,0.0,0.0,0.0,0.0,0.261
808,0.9,0.7,0.6,0.2,0.8,0.737,0.0,0.0,0.0,0.0,0.263
809,0.2,0.4,0.2,0.3,0.2,0.293,0.0,0.0,0.233,0.001,0.474
810,0.8,0.1,0.4,0.5,0.7,0.868,0.0,0.0,0.0,0.0,0.131
811,0.4,0.2,0.9,0.0,0.8,0.786,0.0,0.0,0.0,0.0,0.214
812,0.5,1.0,0.5,0.9,0.6,0.754,0.0,0.001,0.0,0.0,0.244
813,0.7,0.8,0.3,0.5,0.6,0.66,0.0,0.0,0.0,0.0,0.339
814,0.2,0.3,0.8,0.6,0.1,0.597,0.0,0.0,0.0,0.0,0.403
815,0.3,0.0,0.0,0.2,0.8,0.595,0.0,0.0,0.0,0.0,0.405
816,0.6,0.6,0.1,0.4,0.9,0.701,0.0,0.0,0.0,0.0,0.299
817,0.4,1.0,0.7,0.9,0.6,0.866,0.0,0.0,0.0,0.0,0.134
818,0.9,0.7,0.6,0.3,0.1,0.477,0.0,0.016,0.0,0.0,0.507
819,0.8,0.1,0.4,0.8,0.4,0.726,0.067,0.0,0.0,0.0,0.206
820,0.3,0.0,0.0,0.5,0.7,0.616,0.0,0.001,0.0,0.0,0.383
821,0.2,0.3,0.8,0.3,0.1,0.555,0.0,0.0,0.0,0.0,0.445
822,0.8,0.1,0.4,0.2,0.8,0.813,0.0,0.0,0.0,0.0,0.187
823,1.0,0.4,0.2,0.4,0.9,0.841,0.0,0.0,0.0,0.0,0.158
824,1.0,0.4,0.2,0.5,0.7,0.824,0.0,0.0,0.0,0.0,0.175
825,0.2,0.4,0.2,0.3,0.1,0.244,0.0,0.0,0.271,0.001,0.484
826,0.4,0.2,0.9,0.2,0.8,0.817,0.0,0.0,0.0,0.0,0.183
827,0.6,0.9,0.1,0.3,0.2,0.327,0.0,0.0,0.243,0.0,0.43
828,0.2,0.3,0.8,0.3,0.1,0.555,0.0,0.0,0.0,0.0,0.445
829,0.2,0.4,0.2,0.9,0.6,0.609,0.0,0.006,0.0,0.0,0.384
830,0.7,0.7,0.3,0.3,0.0,0.503,0.0,0.001,0.007,0.0,0.489
831,0.4,0.2,0.9,0.8,0.4,0.823,0.0,0.0,0.0,0.0,0.177
832,0.7,0.7,0.3,0.9,0.6,0.674,0.035,0.005,0.0,0.0,0.286
833,0.9,0.7,0.6,0.5,0.7,0.802,0.0,0.0,0.0,0.0,0.197
834,0.1,0.5,0.5,0.5,0.6,0.734,0.0,0.0,0.0,0.0,0.266
835,0.0,0.6,0.7,0.8,0.4,0.732,0.0,0.0,0.0,0.0,0.268
836,0.2,0.3,0.8,0.2,0.8,0.739,0.0,0.0,0.0,0.0,0.261
837,0.8,0.1,0.4,0.6,0.1,0.61,0.003,0.003,0.0,0.0,0.384
838,0.9,0.7,0.6,0.8,0.4,0.578,0.151,0.002,0.0,0.0,0.268
839,0.2,0.3,0.8,0.3,0.0,0.518,0.0,0.0,0.0,0.0,0.482
840,0.1,0.5,0.5,0.8,0.4,0.72,0.0,0.0,0.0,0.0,0.28
841,0.6,0.6,0.1,0.8,0.4,0.531,0.006,0.006,0.0,0.0,0.457
842,0.7,0.7,0.3,0.0,0.8,0.709,0.0,0.0,0.0,0.0,0.291
843,1.0,0.4,0.2,0.6,0.1,0.511,0.007,0.007,0.0,0.0,0.475
844,0.4,1.0,0.7,0.7,0.3,0.772,0.0,0.0,0.0,0.0,0.228
845,0.7,0.7,0.3,0.7,0.3,0.601,0.007,0.001,0.0,0.0,0.391
846,0.3,0.0,0.0,0.2,0.8,0.595,0.0,0.0,0.0,0.0,0.405
847,0.4,0.2,0.9,0.5,0.6,0.829,0.0,0.0,0.0,0.0,0.171
848,0.8,0.1,0.4,0.7,0.3,0.7,0.015,0.001,0.0,0.0,0.284
849,0.9,0.7,0.6,0.4,0.9,0.823,0.0,0.0,0.0,0.0,0.177
850,1.0,0.4,0.2,0.0,0.8,0.774,0.0,0.0,0.0,0.0,0.226
851,0.0,0.6,0.7,0.5,0.7,0.8,0.0,0.0,0.0,0.0,0.2
852,0.8,0.1,0.4,0.6,0.1,0.61,0.003,0.003,0.0,0.0,0.384
853,0.6,0.9,0.1,0.5,0.7,0.581,0.0,0.001,0.0,0.0,0.418
854,0.2,0.3,0.8,0.6,0.0,0.584,0.0,0.0,0.0,0.0,0.416
855,0.5,0.9,0.6,0.0,0.8,0.743,0.0,0.0,0.0,0.0,0.257
856,1.0,0.4,0.2,0.7,0.3,0.57,0.087,0.002,0.0,0.0,0.341
857,0.4,0.2,0.9,1.0,0.3,0.881,0.0,0.0,0.0,0.0,0.119
858,1.0,0.4,0.2,0.6,0.1,0.511,0.007,0.007,0.0,0.0,0.475
859,0.4,0.2,0.9,0.2,0.8,0.817,0.0,0.0,0.0,0.0,0.183
860,0.7,0.7,0.3,0.7,0.3,0.601,0.007,0.001,0.0,0.0,0.391
861,0.4,0.2,0.9,0.3,0.2,0.657,0.0,0.001,0.0,0.0,0.342
862,1.0,0.4,0.2,0.1,0.5,0.733,0.0,0.001,0.0,0.0,0.266
863,0.8,0.1,0.4,1.0,0.3,0.685,0.161,0.0,0.0,0.0,0.154
864,0.1,0.5,0.5,0.2,0.8,0.711,0.0,0.0,0.0,0.0,0.289
865,0.9,0.7,0.6,0.5,0.6,0.711,0.0,0.0,0.0,0.0,0.289
866,0.8,0.1,0.4,0.2,0.8,0.813,0.0,0.0,0.0,0.0,0.187
867,0.3,0.7,0.0,0.4,0.9,0.611,0.0,0.0,0.0,0.0,0.389
868,0.7,0.7,0.3,0.3,0.2,0.595,0.0,0.0,0.001,0.0,0.403
869,0.4,0.2,0.9,1.0,0.3,0.881,0.0,0.0,0.0,0.0,0.119
870,0.0,0.6,0.7,1.0,0.3,0.805,0.0,0.0,0.0,0.0,0.195
